{
    "classification": {
        "auc_roc": {
            "logical_anomalies": 0.6103266722508076,
            "mean": 0.7562828883045323,
            "structural_anomalies": 0.9022391043582568
        }
    },
    "localization": {
        "auc_spro": {
            "logical_anomalies": {
                "0.05": 0.4416786381332958
            },
            "mean": {
                "0.05": 0.6238765651945181
            },
            "structural_anomalies": {
                "0.05": 0.8060744922557403
            }
        }
    }
}