{
    "classification": {
        "auc_roc": {
            "logical_anomalies": 0.9483068624513036,
            "mean": 0.968211828690568,
            "structural_anomalies": 0.9881167949298324
        }
    },
    "localization": {
        "auc_spro": {
            "logical_anomalies": {
                "0.05": 0.862874336987968
            },
            "mean": {
                "0.05": 0.8890089071739787
            },
            "structural_anomalies": {
                "0.05": 0.9151434773599895
            }
        }
    }
}