{
    "classification": {
        "auc_roc": {
            "logical_anomalies": 0.699155916547221,
            "mean": 0.7846736820166772,
            "structural_anomalies": 0.8701914474861334
        }
    },
    "localization": {
        "auc_spro": {
            "logical_anomalies": {
                "0.05": 0.6881811009116336
            },
            "mean": {
                "0.05": 0.6775980355357551
            },
            "structural_anomalies": {
                "0.05": 0.6670149701598767
            }
        }
    }
}