{
    "classification": {
        "auc_roc": {
            "logical_anomalies": 0.6087112600215389,
            "mean": 0.7371824992630684,
            "structural_anomalies": 0.8656537385045981
        }
    },
    "localization": {
        "auc_spro": {
            "logical_anomalies": {
                "0.05": 0.4022805487824732
            },
            "mean": {
                "0.05": 0.5859199749405508
            },
            "structural_anomalies": {
                "0.05": 0.7695594010986285
            }
        }
    }
}